ram,battery_power,px_width,price_range
continuous,continuous,continuous,low\ cost medium\ cost high\ cost very\ high\ cost
palette=linear_bgyw_20_98_c66,palette=linear_bmy_10_95_c78,palette=linear_inferno,"class colors={'low\ cost':\ '#46BEFA',\ 'medium\ cost':\ '#ED462F',\ 'high\ cost':\ '#AAF22B',\ 'very\ high\ cost':\ '#F5AE32'}"
2549.0,842.0,756.0,medium cost
2631.0,1021.0,1988.0,high cost
2603.0,563.0,1716.0,high cost
2769.0,615.0,1786.0,high cost
1411.0,1821.0,1212.0,medium cost
1067.0,1859.0,1654.0,medium cost
3220.0,1821.0,1018.0,very high cost
700.0,1954.0,1149.0,low cost
1099.0,1445.0,836.0,low cost
513.0,509.0,1224.0,low cost
3946.0,769.0,874.0,very high cost
3826.0,1520.0,1005.0,very high cost
1482.0,1815.0,748.0,medium cost
2680.0,803.0,1440.0,high cost
373.0,1866.0,563.0,low cost
568.0,775.0,1864.0,low cost
3554.0,838.0,1850.0,very high cost
3752.0,595.0,810.0,very high cost
1835.0,1131.0,878.0,medium cost
2337.0,682.0,1064.0,medium cost
2819.0,772.0,1854.0,very high cost
3283.0,1709.0,1385.0,very high cost
1433.0,1949.0,822.0,medium cost
1037.0,1602.0,788.0,low cost
2583.0,503.0,1245.0,medium cost
2782.0,961.0,1434.0,high cost
3763.0,519.0,645.0,very high cost
3286.0,956.0,1075.0,very high cost
2373.0,1453.0,1311.0,high cost
478.0,851.0,1263.0,low cost
3532.0,1579.0,1739.0,very high cost
508.0,1568.0,654.0,low cost
2227.0,1319.0,1152.0,medium cost
3845.0,1310.0,1919.0,very high cost
1262.0,644.0,881.0,low cost
1326.0,725.0,1249.0,medium cost
2113.0,589.0,815.0,medium cost
3429.0,1725.0,1307.0,very high cost
3169.0,790.0,730.0,high cost
2150.0,560.0,1613.0,high cost
2484.0,1347.0,967.0,high cost
3339.0,1646.0,1932.0,very high cost
1878.0,1253.0,714.0,medium cost
1629.0,1656.0,1456.0,medium cost
504.0,1195.0,1652.0,low cost
1152.0,1514.0,1810.0,medium cost
3587.0,1723.0,1791.0,very high cost
2296.0,1054.0,774.0,medium cost
1270.0,578.0,1433.0,low cost
3238.0,596.0,1854.0,very high cost
2059.0,1547.0,1832.0,high cost
2053.0,1760.0,1383.0,high cost
3112.0,1654.0,629.0,very high cost
1440.0,1457.0,1287.0,medium cost
2908.0,1073.0,804.0,high cost
2552.0,1936.0,1036.0,high cost
905.0,823.0,1449.0,low cost
3963.0,987.0,820.0,very high cost
2056.0,1757.0,713.0,medium cost
2910.0,1063.0,683.0,high cost
1457.0,1484.0,969.0,medium cost
431.0,799.0,975.0,low cost
470.0,1156.0,547.0,low cost
2148.0,1720.0,1353.0,high cost
2955.0,702.0,1570.0,high cost
3366.0,616.0,1618.0,very high cost
3068.0,1358.0,1858.0,very high cost
3834.0,1866.0,1781.0,very high cost
1050.0,1242.0,1225.0,low cost
3993.0,1166.0,603.0,very high cost
3378.0,1448.0,1724.0,very high cost
2192.0,1407.0,1217.0,high cost
392.0,605.0,1026.0,low cost
3709.0,1038.0,638.0,very high cost
590.0,797.0,1413.0,low cost
1814.0,819.0,1242.0,medium cost
907.0,1114.0,1071.0,low cost
1449.0,1234.0,778.0,low cost
3448.0,1199.0,1552.0,very high cost
1837.0,1103.0,1486.0,medium cost
3464.0,1589.0,1206.0,very high cost
2593.0,999.0,1616.0,high cost
3484.0,1510.0,1752.0,very high cost
2009.0,1008.0,1122.0,medium cost
2048.0,1127.0,1049.0,medium cost
837.0,1412.0,1894.0,medium cost
854.0,1496.0,741.0,low cost
3210.0,1083.0,1118.0,very high cost
2746.0,668.0,1203.0,high cost
2334.0,1309.0,1402.0,high cost
2822.0,1724.0,1924.0,very high cost
1971.0,1977.0,1242.0,high cost
1410.0,885.0,802.0,low cost
349.0,879.0,1105.0,low cost
1418.0,1322.0,1990.0,medium cost
3616.0,1137.0,1179.0,very high cost
880.0,1355.0,891.0,low cost
1601.0,1665.0,1684.0,high cost
1412.0,657.0,961.0,low cost
1692.0,593.0,1317.0,medium cost
2600.0,1883.0,1739.0,very high cost
1308.0,1732.0,881.0,medium cost
2413.0,543.0,984.0,medium cost
1047.0,1939.0,520.0,low cost
1204.0,553.0,902.0,low cost
1799.0,832.0,1504.0,medium cost
2676.0,1661.0,1634.0,very high cost
2597.0,1657.0,1796.0,very high cost
3029.0,1135.0,1846.0,very high cost
2343.0,1775.0,1869.0,very high cost
2016.0,783.0,1471.0,medium cost
2213.0,617.0,874.0,medium cost
790.0,867.0,1974.0,low cost
3182.0,1310.0,513.0,high cost
3472.0,1804.0,1244.0,very high cost
2871.0,1900.0,1661.0,very high cost
3187.0,909.0,973.0,high cost
1945.0,1084.0,771.0,medium cost
488.0,1308.0,989.0,low cost
1214.0,1778.0,1954.0,medium cost
2598.0,1701.0,1338.0,high cost
3242.0,772.0,1712.0,very high cost
3534.0,825.0,863.0,very high cost
3426.0,1379.0,1376.0,very high cost
2488.0,1166.0,1203.0,high cost
3255.0,1659.0,902.0,very high cost
2863.0,826.0,786.0,high cost
1496.0,1564.0,1965.0,medium cost
3801.0,1957.0,1732.0,very high cost
666.0,1571.0,1398.0,low cost
3799.0,1414.0,829.0,very high cost
1366.0,1790.0,792.0,medium cost
2962.0,645.0,580.0,high cost
2399.0,668.0,1056.0,medium cost
2338.0,1652.0,1264.0,high cost
2700.0,1213.0,1248.0,high cost
2235.0,1272.0,669.0,medium cost
3825.0,866.0,1686.0,very high cost
284.0,536.0,1539.0,low cost
1427.0,523.0,1042.0,low cost
1324.0,1753.0,1926.0,high cost
398.0,1218.0,616.0,low cost
3685.0,1537.0,1131.0,very high cost
2390.0,786.0,1697.0,high cost
278.0,1678.0,536.0,low cost
3556.0,1814.0,786.0,very high cost
2196.0,1101.0,1269.0,medium cost
3799.0,1461.0,1298.0,very high cost
2268.0,1216.0,1967.0,high cost
2965.0,506.0,1025.0,high cost
2341.0,843.0,800.0,medium cost
3557.0,742.0,1359.0,very high cost
1354.0,1692.0,1996.0,medium cost
2147.0,1485.0,1013.0,high cost
505.0,1547.0,590.0,low cost
1394.0,1692.0,1925.0,medium cost
374.0,637.0,1989.0,low cost
506.0,1224.0,826.0,low cost
3702.0,1356.0,1983.0,very high cost
1078.0,1840.0,1545.0,medium cost
2945.0,1481.0,1533.0,high cost
2981.0,961.0,621.0,high cost
490.0,1296.0,1272.0,low cost
536.0,1193.0,1729.0,low cost
2317.0,1441.0,1071.0,high cost
3704.0,517.0,974.0,very high cost
2126.0,748.0,1554.0,medium cost
2050.0,1126.0,1611.0,high cost
2462.0,1572.0,1937.0,very high cost
1260.0,1569.0,1942.0,medium cost
3770.0,1270.0,845.0,very high cost
1886.0,1854.0,627.0,medium cost
3323.0,625.0,842.0,high cost
2060.0,1577.0,1737.0,high cost
3926.0,534.0,1199.0,very high cost
2177.0,946.0,1740.0,high cost
728.0,685.0,648.0,low cost
2478.0,1949.0,1136.0,very high cost
2842.0,947.0,1220.0,high cost
1617.0,801.0,879.0,medium cost
1472.0,703.0,1065.0,low cost
764.0,1165.0,831.0,low cost
2337.0,1082.0,1191.0,high cost
3965.0,959.0,1631.0,very high cost
3693.0,1502.0,588.0,very high cost
797.0,1380.0,500.0,low cost
1687.0,1266.0,1698.0,high cost
2940.0,1934.0,1299.0,very high cost
1545.0,1905.0,898.0,medium cost
3834.0,1831.0,1381.0,very high cost
2505.0,596.0,984.0,medium cost
2243.0,1562.0,1533.0,high cost
3600.0,1490.0,1464.0,very high cost
3971.0,1523.0,539.0,very high cost
2844.0,640.0,1179.0,high cost
2227.0,1526.0,751.0,high cost
1665.0,1989.0,1497.0,high cost
3355.0,1308.0,1215.0,very high cost
1866.0,609.0,1948.0,medium cost
1287.0,1905.0,1542.0,medium cost
1046.0,1703.0,1235.0,low cost
1441.0,1445.0,1345.0,medium cost
690.0,1087.0,589.0,low cost
2504.0,671.0,1182.0,high cost
2677.0,1472.0,1052.0,high cost
2243.0,765.0,1429.0,high cost
2984.0,1642.0,873.0,high cost
1362.0,1265.0,836.0,medium cost
3629.0,664.0,1478.0,very high cost
3559.0,1277.0,1460.0,very high cost
2571.0,1395.0,705.0,high cost
2107.0,1539.0,1666.0,high cost
1022.0,1049.0,1077.0,low cost
2844.0,1827.0,1020.0,high cost
711.0,903.0,1235.0,low cost
3117.0,1987.0,1516.0,very high cost
978.0,1154.0,1499.0,low cost
1869.0,1336.0,583.0,medium cost
1179.0,1886.0,1958.0,medium cost
3844.0,1551.0,1995.0,very high cost
593.0,850.0,642.0,low cost
588.0,660.0,1178.0,low cost
3836.0,1225.0,1404.0,very high cost
2669.0,1452.0,1040.0,high cost
2958.0,1686.0,1453.0,very high cost
3031.0,1634.0,1677.0,very high cost
3388.0,1708.0,517.0,very high cost
2377.0,1151.0,1560.0,high cost
2458.0,1578.0,1226.0,high cost
2766.0,1689.0,1200.0,very high cost
3054.0,1488.0,1647.0,very high cost
3791.0,1313.0,1308.0,very high cost
625.0,1715.0,1615.0,low cost
2227.0,1442.0,687.0,medium cost
3256.0,528.0,637.0,high cost
707.0,1523.0,1606.0,low cost
1457.0,1133.0,1543.0,medium cost
3755.0,1718.0,980.0,very high cost
1733.0,1330.0,1441.0,medium cost
720.0,1799.0,1383.0,low cost
3560.0,633.0,1009.0,high cost
2311.0,724.0,1754.0,high cost
3846.0,822.0,860.0,very high cost
1717.0,1918.0,1543.0,high cost
3704.0,1891.0,1108.0,very high cost
3800.0,1373.0,673.0,very high cost
278.0,862.0,1758.0,low cost
1767.0,1273.0,886.0,medium cost
1846.0,957.0,1485.0,medium cost
829.0,1617.0,1038.0,low cost
2986.0,893.0,946.0,high cost
2394.0,1210.0,1462.0,high cost
2169.0,708.0,654.0,medium cost
1181.0,835.0,1604.0,low cost
575.0,1450.0,1882.0,low cost
2977.0,973.0,1816.0,high cost
532.0,601.0,765.0,low cost
1702.0,507.0,1398.0,medium cost
1074.0,564.0,1980.0,low cost
3352.0,1559.0,1559.0,very high cost
1027.0,754.0,1928.0,medium cost
2039.0,728.0,1529.0,medium cost
461.0,1431.0,952.0,low cost
527.0,767.0,1517.0,low cost
3271.0,1722.0,1741.0,very high cost
606.0,1992.0,1596.0,medium cost
2513.0,1876.0,1564.0,very high cost
1675.0,1054.0,1222.0,medium cost
2698.0,1283.0,692.0,high cost
1129.0,1281.0,1617.0,medium cost
468.0,1066.0,1571.0,low cost
1210.0,730.0,1247.0,low cost
3086.0,1053.0,1767.0,very high cost
1595.0,1611.0,714.0,medium cost
2332.0,793.0,1935.0,high cost
2589.0,1220.0,1933.0,high cost
3760.0,1662.0,1509.0,very high cost
1851.0,1281.0,954.0,medium cost
417.0,538.0,662.0,low cost
294.0,823.0,888.0,low cost
3576.0,1733.0,527.0,very high cost
3945.0,1429.0,820.0,very high cost
927.0,1839.0,1493.0,medium cost
2044.0,659.0,1929.0,medium cost
2334.0,1953.0,764.0,high cost
1477.0,1172.0,1092.0,medium cost
3161.0,612.0,1891.0,very high cost
3660.0,1563.0,1699.0,very high cost
1604.0,1191.0,683.0,medium cost
2211.0,615.0,1664.0,medium cost
3822.0,1893.0,763.0,very high cost
3922.0,1563.0,572.0,very high cost
1203.0,1995.0,1963.0,high cost
2822.0,1517.0,1489.0,very high cost
447.0,832.0,1294.0,low cost
1652.0,1162.0,997.0,medium cost
3608.0,1595.0,655.0,very high cost
1228.0,1329.0,1458.0,medium cost
666.0,928.0,1243.0,low cost
1499.0,1656.0,519.0,medium cost
3321.0,1937.0,1767.0,very high cost
1206.0,977.0,566.0,low cost
952.0,768.0,515.0,low cost
3927.0,1464.0,1168.0,very high cost
311.0,1177.0,882.0,low cost
955.0,1348.0,1942.0,medium cost
1109.0,1956.0,776.0,medium cost
2969.0,1751.0,564.0,high cost
725.0,1530.0,1975.0,low cost
1655.0,1997.0,1212.0,high cost
3490.0,1414.0,1118.0,very high cost
1774.0,1707.0,1388.0,high cost
3615.0,894.0,1462.0,very high cost
714.0,645.0,1130.0,low cost
2768.0,1163.0,754.0,high cost
3739.0,1126.0,1726.0,very high cost
610.0,1648.0,1876.0,medium cost
715.0,1170.0,709.0,low cost
663.0,508.0,557.0,low cost
1725.0,1097.0,1914.0,medium cost
834.0,728.0,775.0,low cost
3865.0,1980.0,1910.0,very high cost
3059.0,1504.0,1923.0,very high cost
651.0,1379.0,1370.0,low cost
796.0,1698.0,994.0,low cost
785.0,920.0,1078.0,low cost
3252.0,1144.0,724.0,high cost
1322.0,1995.0,1104.0,medium cost
2832.0,1430.0,1182.0,high cost
1615.0,972.0,1795.0,medium cost
2125.0,662.0,1224.0,medium cost
990.0,1867.0,1442.0,medium cost
1595.0,1730.0,1023.0,medium cost
1213.0,1723.0,1361.0,medium cost
2500.0,1882.0,652.0,high cost
2801.0,803.0,935.0,high cost
3451.0,580.0,1345.0,very high cost
1201.0,668.0,1292.0,low cost
3139.0,1391.0,1256.0,high cost
1938.0,1560.0,1364.0,high cost
3185.0,821.0,1786.0,high cost
2111.0,811.0,1429.0,medium cost
2369.0,1989.0,682.0,high cost
3625.0,1034.0,1199.0,very high cost
1051.0,618.0,1688.0,low cost
1036.0,654.0,1898.0,medium cost
2938.0,576.0,1438.0,high cost
2855.0,667.0,1463.0,high cost
2727.0,869.0,1584.0,high cost
2973.0,635.0,1059.0,high cost
2581.0,609.0,1253.0,medium cost
2690.0,1557.0,1442.0,very high cost
916.0,1604.0,939.0,low cost
2563.0,1182.0,986.0,high cost
3359.0,848.0,1029.0,high cost
941.0,1610.0,1280.0,medium cost
2280.0,1828.0,898.0,high cost
827.0,880.0,1381.0,low cost
473.0,1394.0,1565.0,low cost
3865.0,1960.0,1299.0,very high cost
1274.0,809.0,1726.0,medium cost
364.0,899.0,1331.0,low cost
3699.0,1976.0,1922.0,very high cost
2927.0,879.0,1038.0,high cost
1470.0,916.0,992.0,low cost
1050.0,763.0,1186.0,low cost
2616.0,508.0,1920.0,high cost
2915.0,825.0,1866.0,very high cost
2686.0,1864.0,981.0,high cost
1243.0,1725.0,1195.0,medium cost
3264.0,1108.0,1706.0,very high cost
2261.0,1011.0,749.0,medium cost
2993.0,1703.0,1711.0,very high cost
706.0,1067.0,681.0,low cost
2542.0,1334.0,1974.0,very high cost
2523.0,775.0,1510.0,high cost
336.0,1899.0,814.0,low cost
2457.0,930.0,1025.0,medium cost
418.0,1058.0,1247.0,low cost
3917.0,1187.0,1814.0,very high cost
1246.0,1874.0,1233.0,medium cost
2971.0,1482.0,642.0,high cost
2324.0,1809.0,721.0,high cost
3121.0,864.0,1670.0,high cost
3801.0,625.0,550.0,high cost
3333.0,1880.0,699.0,very high cost
3475.0,1138.0,1138.0,very high cost
2360.0,560.0,1903.0,medium cost
2895.0,1117.0,817.0,high cost
3652.0,1712.0,1126.0,very high cost
3097.0,1836.0,1139.0,very high cost
2101.0,1036.0,926.0,medium cost
3918.0,1860.0,1506.0,very high cost
3869.0,1375.0,726.0,very high cost
732.0,1945.0,1753.0,medium cost
3684.0,1896.0,794.0,very high cost
3969.0,788.0,1161.0,very high cost
1414.0,880.0,1350.0,low cost
1892.0,1323.0,619.0,medium cost
3131.0,1868.0,660.0,very high cost
2532.0,1266.0,1468.0,high cost
3215.0,1042.0,1705.0,very high cost
3323.0,1479.0,1476.0,very high cost
1529.0,1476.0,1666.0,high cost
2403.0,1552.0,1026.0,high cost
3419.0,1454.0,1033.0,very high cost
3648.0,1007.0,1529.0,very high cost
1974.0,652.0,559.0,low cost
2806.0,1504.0,973.0,high cost
2239.0,1726.0,1223.0,high cost
582.0,1029.0,956.0,low cost
3890.0,1582.0,1797.0,very high cost
1141.0,1478.0,882.0,medium cost
2511.0,1178.0,596.0,high cost
3838.0,707.0,574.0,very high cost
2734.0,755.0,990.0,high cost
2330.0,912.0,1053.0,medium cost
2244.0,651.0,858.0,medium cost
1851.0,1483.0,758.0,medium cost
808.0,914.0,1495.0,low cost
1587.0,1456.0,1104.0,medium cost
2492.0,1178.0,1352.0,high cost
2122.0,1503.0,1304.0,high cost
1122.0,1681.0,1205.0,low cost
3709.0,715.0,562.0,high cost
3021.0,1876.0,585.0,high cost
624.0,1190.0,1441.0,low cost
3937.0,1755.0,1075.0,very high cost
1797.0,1197.0,1629.0,medium cost
1458.0,1048.0,1975.0,medium cost
3348.0,1887.0,1798.0,very high cost
1834.0,1772.0,545.0,medium cost
2775.0,1421.0,1657.0,very high cost
1277.0,1464.0,1341.0,medium cost
457.0,728.0,817.0,low cost
438.0,954.0,1058.0,low cost
3210.0,685.0,1203.0,very high cost
985.0,1472.0,1744.0,medium cost
3701.0,853.0,740.0,very high cost
1052.0,1469.0,1133.0,low cost
1175.0,1310.0,889.0,low cost
1070.0,1654.0,1719.0,medium cost
3411.0,902.0,1285.0,very high cost
1175.0,1448.0,1850.0,medium cost
301.0,1631.0,1905.0,low cost
489.0,1608.0,1158.0,low cost
1733.0,1991.0,1325.0,high cost
2756.0,1349.0,772.0,high cost
2612.0,1589.0,1743.0,high cost
1724.0,1844.0,882.0,medium cost
2190.0,712.0,1208.0,medium cost
1900.0,972.0,1050.0,medium cost
3915.0,1406.0,1366.0,very high cost
1043.0,1289.0,899.0,low cost
3817.0,932.0,1224.0,very high cost
2362.0,1747.0,1131.0,high cost
1107.0,1172.0,1884.0,medium cost
2982.0,1128.0,1370.0,very high cost
2042.0,664.0,1497.0,medium cost
1343.0,513.0,867.0,low cost
2610.0,1742.0,681.0,high cost
2335.0,1512.0,884.0,high cost
1614.0,1986.0,1358.0,medium cost
1138.0,965.0,998.0,low cost
604.0,1067.0,1989.0,low cost
3652.0,1583.0,862.0,very high cost
3955.0,1653.0,1785.0,very high cost
258.0,1433.0,799.0,low cost
1066.0,765.0,793.0,low cost
1731.0,1845.0,695.0,medium cost
3860.0,752.0,728.0,very high cost
3630.0,1948.0,1940.0,very high cost
1965.0,1077.0,1304.0,medium cost
1459.0,932.0,1078.0,low cost
2323.0,1968.0,1259.0,high cost
3291.0,1122.0,790.0,high cost
3272.0,1588.0,1594.0,very high cost
918.0,601.0,548.0,low cost
3488.0,1615.0,1256.0,very high cost
3961.0,1589.0,1911.0,very high cost
590.0,1417.0,1649.0,low cost
3701.0,1697.0,1264.0,very high cost
463.0,1330.0,1262.0,low cost
3644.0,1476.0,1972.0,very high cost
1713.0,1579.0,1484.0,medium cost
429.0,1277.0,1090.0,low cost
2765.0,1089.0,1259.0,high cost
2084.0,1663.0,1439.0,high cost
1125.0,1949.0,592.0,medium cost
2048.0,1138.0,1777.0,high cost
1223.0,685.0,870.0,low cost
3672.0,1889.0,1106.0,very high cost
3100.0,857.0,948.0,high cost
343.0,1902.0,1393.0,low cost
1970.0,1225.0,982.0,medium cost
2728.0,1066.0,1586.0,high cost
3635.0,1554.0,1579.0,very high cost
2180.0,1337.0,644.0,medium cost
2488.0,1926.0,1157.0,high cost
3864.0,869.0,539.0,very high cost
1155.0,1278.0,750.0,low cost
3566.0,1773.0,1472.0,very high cost
864.0,1661.0,1337.0,medium cost
869.0,1438.0,1663.0,low cost
591.0,1661.0,861.0,low cost
1333.0,1846.0,773.0,medium cost
2208.0,1260.0,1313.0,high cost
2610.0,512.0,1849.0,high cost
2819.0,581.0,1613.0,high cost
1955.0,1872.0,1259.0,high cost
3416.0,687.0,1151.0,very high cost
3803.0,1062.0,1807.0,very high cost
574.0,1678.0,1763.0,low cost
2129.0,1417.0,1029.0,medium cost
1948.0,1074.0,952.0,medium cost
2978.0,1832.0,654.0,high cost
1619.0,1039.0,1827.0,medium cost
3716.0,1059.0,1916.0,very high cost
3454.0,1606.0,1924.0,very high cost
3777.0,1928.0,1580.0,very high cost
2712.0,1875.0,1942.0,very high cost
1434.0,1128.0,1582.0,medium cost
3968.0,1748.0,1234.0,very high cost
3383.0,1413.0,517.0,very high cost
3278.0,825.0,1917.0,very high cost
3970.0,1589.0,1759.0,very high cost
2674.0,535.0,939.0,high cost
2776.0,1780.0,1463.0,very high cost
2336.0,1671.0,848.0,high cost
2430.0,1821.0,1803.0,high cost
891.0,1076.0,915.0,low cost
728.0,532.0,1354.0,low cost
3886.0,777.0,1143.0,very high cost
1711.0,1217.0,632.0,medium cost
2856.0,1656.0,899.0,high cost
2447.0,1185.0,1642.0,high cost
814.0,577.0,1450.0,low cost
2951.0,737.0,1463.0,high cost
3653.0,704.0,1013.0,high cost
1891.0,525.0,1587.0,medium cost
701.0,504.0,1665.0,low cost
3139.0,793.0,1815.0,very high cost
2811.0,569.0,739.0,medium cost
1701.0,1590.0,963.0,medium cost
1853.0,707.0,1508.0,medium cost
2445.0,767.0,1000.0,medium cost
2287.0,1350.0,544.0,medium cost
2003.0,1117.0,1627.0,high cost
3595.0,641.0,759.0,high cost
1726.0,1002.0,1416.0,medium cost
3952.0,1408.0,1088.0,very high cost
850.0,1900.0,1596.0,medium cost
1446.0,726.0,760.0,low cost
1300.0,1544.0,857.0,medium cost
719.0,1454.0,1100.0,low cost
988.0,1230.0,676.0,low cost
2606.0,1552.0,658.0,high cost
2912.0,1519.0,1239.0,high cost
2339.0,723.0,1901.0,high cost
1028.0,1191.0,1813.0,low cost
3173.0,1168.0,1578.0,very high cost
1667.0,1229.0,1878.0,medium cost
1897.0,1758.0,1864.0,high cost
1214.0,1290.0,1109.0,medium cost
3269.0,574.0,1171.0,high cost
445.0,1271.0,1949.0,low cost
1073.0,1170.0,1722.0,low cost
665.0,1269.0,1920.0,medium cost
3129.0,1288.0,1809.0,very high cost
3501.0,1366.0,964.0,very high cost
3461.0,1572.0,1237.0,very high cost
3206.0,1627.0,1082.0,very high cost
3717.0,1701.0,828.0,very high cost
3917.0,1900.0,1241.0,very high cost
861.0,1974.0,545.0,low cost
2885.0,1197.0,1710.0,high cost
2777.0,587.0,1793.0,high cost
1017.0,934.0,1463.0,low cost
980.0,1195.0,1100.0,low cost
2775.0,1853.0,1951.0,very high cost
3309.0,1164.0,1704.0,very high cost
3607.0,1512.0,1897.0,very high cost
1257.0,1232.0,809.0,low cost
759.0,1813.0,1306.0,low cost
3720.0,946.0,1771.0,very high cost
475.0,739.0,1536.0,low cost
1122.0,704.0,1509.0,low cost
1336.0,1663.0,1545.0,medium cost
1185.0,1966.0,1987.0,high cost
705.0,1219.0,1022.0,low cost
3169.0,612.0,1337.0,high cost
3483.0,1658.0,522.0,very high cost
1183.0,1263.0,1883.0,medium cost
3373.0,1395.0,1787.0,very high cost
2801.0,621.0,910.0,high cost
565.0,652.0,781.0,low cost
3153.0,1175.0,1501.0,high cost
3421.0,561.0,1176.0,high cost
316.0,1137.0,1285.0,low cost
448.0,1835.0,583.0,low cost
2366.0,1170.0,684.0,medium cost
3881.0,1595.0,1838.0,very high cost
462.0,1719.0,904.0,low cost
1480.0,1770.0,1552.0,medium cost
1087.0,1312.0,1854.0,medium cost
2711.0,1878.0,559.0,high cost
2144.0,1871.0,1682.0,high cost
1165.0,922.0,1383.0,low cost
2998.0,1975.0,655.0,high cost
2249.0,1212.0,1715.0,high cost
752.0,1430.0,906.0,low cost
1409.0,1958.0,637.0,medium cost
3072.0,1836.0,1230.0,very high cost
1305.0,557.0,1315.0,low cost
3597.0,539.0,599.0,high cost
3132.0,880.0,1302.0,high cost
3856.0,1369.0,727.0,very high cost
1524.0,1109.0,1787.0,medium cost
3673.0,843.0,1096.0,very high cost
3293.0,598.0,1173.0,high cost
3035.0,972.0,816.0,high cost
584.0,1944.0,1970.0,medium cost
2675.0,1225.0,1101.0,high cost
2382.0,644.0,1654.0,high cost
1391.0,1919.0,1191.0,medium cost
2346.0,501.0,1089.0,medium cost
606.0,1620.0,1033.0,low cost
1324.0,1227.0,1781.0,medium cost
1076.0,1359.0,901.0,low cost
643.0,1914.0,1701.0,medium cost
783.0,1645.0,1308.0,low cost
3809.0,1063.0,1232.0,very high cost
2104.0,946.0,630.0,medium cost
1762.0,1231.0,1184.0,medium cost
3137.0,1397.0,1991.0,very high cost
1756.0,701.0,1256.0,medium cost
3663.0,570.0,1917.0,very high cost
2437.0,1993.0,510.0,high cost
1432.0,955.0,1511.0,medium cost
1620.0,924.0,1813.0,medium cost
1655.0,600.0,747.0,low cost
2832.0,518.0,1947.0,high cost
961.0,1063.0,935.0,low cost
2608.0,920.0,1421.0,high cost
514.0,1715.0,1652.0,low cost
2304.0,1841.0,672.0,high cost
933.0,543.0,1031.0,low cost
1896.0,1762.0,527.0,medium cost
3655.0,1112.0,739.0,very high cost
1973.0,709.0,1596.0,medium cost
3278.0,1315.0,575.0,high cost
2183.0,1762.0,1364.0,high cost
824.0,1462.0,1478.0,low cost
2598.0,571.0,1282.0,medium cost
1254.0,666.0,1353.0,low cost
3622.0,1994.0,1435.0,very high cost
1704.0,1583.0,1651.0,high cost
1624.0,1778.0,516.0,medium cost
3809.0,1926.0,1000.0,very high cost
2574.0,966.0,1754.0,high cost
950.0,568.0,1703.0,low cost
273.0,1897.0,1935.0,low cost
446.0,1695.0,1898.0,medium cost
1510.0,1623.0,1832.0,high cost
1122.0,914.0,721.0,low cost
707.0,1721.0,1048.0,low cost
751.0,890.0,1873.0,low cost
3393.0,600.0,1465.0,high cost
3771.0,1677.0,1477.0,very high cost
1851.0,723.0,1748.0,medium cost
2735.0,638.0,1383.0,high cost
2253.0,852.0,1159.0,medium cost
452.0,1979.0,1630.0,low cost
1419.0,710.0,857.0,low cost
969.0,1034.0,1293.0,low cost
3441.0,600.0,1162.0,high cost
3786.0,1027.0,1747.0,very high cost
2710.0,1260.0,736.0,high cost
3533.0,1793.0,1418.0,very high cost
1735.0,675.0,757.0,low cost
3587.0,658.0,1750.0,very high cost
2298.0,1694.0,549.0,high cost
2027.0,804.0,818.0,medium cost
2406.0,1713.0,974.0,high cost
2419.0,706.0,938.0,medium cost
995.0,1362.0,1505.0,low cost
2078.0,1527.0,1116.0,high cost
1145.0,768.0,991.0,low cost
626.0,1314.0,577.0,low cost
1509.0,705.0,1374.0,medium cost
3371.0,1403.0,1251.0,very high cost
297.0,1486.0,1747.0,low cost
3508.0,781.0,1674.0,very high cost
2385.0,986.0,800.0,medium cost
1301.0,1310.0,1016.0,medium cost
2167.0,560.0,1327.0,medium cost
3914.0,1348.0,501.0,very high cost
2312.0,1567.0,1621.0,high cost
2297.0,1940.0,858.0,high cost
411.0,1979.0,1532.0,low cost
665.0,561.0,1294.0,low cost
3226.0,1717.0,810.0,very high cost
740.0,535.0,811.0,low cost
3878.0,1413.0,1318.0,very high cost
3406.0,1358.0,1655.0,very high cost
2440.0,1519.0,1702.0,high cost
3959.0,1254.0,1013.0,very high cost
3703.0,1591.0,1883.0,very high cost
3714.0,977.0,1862.0,very high cost
337.0,1640.0,1301.0,low cost
3176.0,663.0,1605.0,high cost
1205.0,1744.0,718.0,medium cost
2473.0,1624.0,699.0,high cost
1229.0,1108.0,1742.0,low cost
2896.0,1188.0,1558.0,very high cost
2039.0,817.0,766.0,medium cost
520.0,863.0,1799.0,low cost
1378.0,1397.0,1658.0,medium cost
3254.0,1108.0,1666.0,very high cost
1803.0,1068.0,1998.0,medium cost
2501.0,1702.0,1491.0,very high cost
3762.0,808.0,1891.0,very high cost
1796.0,1156.0,1262.0,medium cost
990.0,1271.0,650.0,low cost
2630.0,696.0,907.0,medium cost
1380.0,1981.0,1234.0,medium cost
3487.0,614.0,519.0,high cost
1201.0,1590.0,1595.0,medium cost
3015.0,1945.0,895.0,very high cost
3204.0,1135.0,1589.0,very high cost
433.0,1049.0,1564.0,low cost
1906.0,1807.0,1384.0,high cost
898.0,984.0,1611.0,low cost
2799.0,720.0,1733.0,very high cost
2020.0,1536.0,1634.0,high cost
770.0,771.0,922.0,low cost
305.0,503.0,1291.0,low cost
2953.0,675.0,874.0,high cost
1671.0,1936.0,1089.0,medium cost
2574.0,1303.0,1604.0,high cost
3772.0,1004.0,1162.0,very high cost
2870.0,1972.0,1648.0,very high cost
2577.0,1822.0,910.0,high cost
2246.0,1159.0,723.0,medium cost
2405.0,1782.0,999.0,high cost
3377.0,894.0,1300.0,high cost
3619.0,1884.0,819.0,very high cost
1184.0,1648.0,1238.0,medium cost
2965.0,798.0,643.0,high cost
3713.0,802.0,1633.0,very high cost
3798.0,1276.0,735.0,very high cost
1026.0,1331.0,1226.0,medium cost
1086.0,1620.0,1339.0,medium cost
2236.0,1996.0,1445.0,high cost
1303.0,1092.0,1424.0,medium cost
3048.0,1018.0,883.0,high cost
616.0,545.0,1452.0,low cost
3764.0,554.0,806.0,high cost
419.0,1264.0,849.0,low cost
2858.0,1030.0,1812.0,very high cost
504.0,1432.0,947.0,low cost
392.0,558.0,1605.0,low cost
820.0,829.0,1916.0,low cost
3387.0,1741.0,1895.0,very high cost
3447.0,1849.0,1123.0,very high cost
1403.0,733.0,1409.0,low cost
2295.0,1872.0,1484.0,high cost
1973.0,1853.0,1005.0,high cost
3755.0,1149.0,1675.0,very high cost
2073.0,891.0,1724.0,medium cost
3872.0,1911.0,1958.0,very high cost
302.0,550.0,1930.0,low cost
1519.0,576.0,1518.0,medium cost
2549.0,1760.0,1704.0,high cost
404.0,969.0,589.0,low cost
595.0,1160.0,859.0,low cost
1663.0,827.0,821.0,low cost
2764.0,1786.0,1671.0,very high cost
2614.0,774.0,1865.0,high cost
1094.0,819.0,822.0,low cost
2826.0,1042.0,1018.0,high cost
2496.0,1368.0,829.0,high cost
2103.0,1592.0,522.0,medium cost
966.0,1067.0,1009.0,low cost
2172.0,1892.0,1564.0,high cost
905.0,915.0,1448.0,low cost
3916.0,774.0,896.0,very high cost
3902.0,1848.0,605.0,very high cost
2487.0,1501.0,1056.0,high cost
3914.0,1614.0,1330.0,very high cost
363.0,911.0,670.0,low cost
3233.0,1520.0,1909.0,very high cost
2532.0,1647.0,1185.0,high cost
3836.0,1347.0,1008.0,very high cost
3076.0,967.0,1642.0,high cost
1513.0,1442.0,1668.0,high cost
1724.0,1204.0,1482.0,medium cost
542.0,1320.0,1229.0,low cost
3481.0,1800.0,823.0,very high cost
3991.0,1567.0,1326.0,very high cost
1790.0,1439.0,932.0,medium cost
509.0,1422.0,926.0,low cost
282.0,1591.0,1641.0,low cost
3006.0,880.0,660.0,high cost
1913.0,1929.0,1051.0,medium cost
1333.0,1642.0,1889.0,high cost
3746.0,1511.0,1982.0,very high cost
3941.0,1312.0,893.0,very high cost
3970.0,1852.0,1163.0,very high cost
3925.0,972.0,589.0,very high cost
424.0,691.0,962.0,low cost
1284.0,807.0,697.0,low cost
277.0,1113.0,1312.0,low cost
1713.0,721.0,1862.0,medium cost
485.0,1188.0,1469.0,low cost
3002.0,1512.0,952.0,high cost
418.0,805.0,704.0,low cost
1652.0,918.0,671.0,medium cost
2893.0,1320.0,1583.0,high cost
1406.0,1236.0,809.0,low cost
629.0,1387.0,1151.0,low cost
3724.0,1883.0,791.0,very high cost
3835.0,839.0,1391.0,very high cost
1354.0,1593.0,1336.0,medium cost
2376.0,1722.0,1638.0,very high cost
3438.0,1954.0,690.0,very high cost
2655.0,1788.0,1073.0,high cost
3361.0,1628.0,643.0,very high cost
3535.0,1965.0,1660.0,very high cost
2150.0,833.0,1395.0,medium cost
2587.0,571.0,783.0,medium cost
2736.0,1808.0,1208.0,very high cost
676.0,1860.0,799.0,low cost
2941.0,1368.0,1145.0,very high cost
3336.0,1161.0,1169.0,very high cost
3796.0,1224.0,563.0,very high cost
3654.0,902.0,1360.0,very high cost
2934.0,787.0,1423.0,high cost
2889.0,854.0,1152.0,high cost
3315.0,1184.0,1577.0,very high cost
1993.0,1973.0,1181.0,high cost
2509.0,510.0,1228.0,medium cost
3534.0,966.0,1523.0,very high cost
2246.0,1438.0,867.0,high cost
3165.0,1986.0,774.0,very high cost
286.0,1907.0,1513.0,low cost
776.0,1489.0,812.0,low cost
3213.0,1843.0,580.0,very high cost
716.0,825.0,783.0,low cost
424.0,1286.0,662.0,low cost
3486.0,840.0,1081.0,very high cost
3237.0,757.0,697.0,high cost
1944.0,814.0,1406.0,medium cost
643.0,1195.0,1001.0,low cost
2317.0,767.0,1995.0,high cost
1436.0,1068.0,1500.0,medium cost
3190.0,994.0,530.0,high cost
2338.0,1550.0,832.0,high cost
1334.0,1878.0,1026.0,medium cost
3657.0,623.0,672.0,high cost
2080.0,1829.0,1267.0,high cost
1609.0,525.0,670.0,low cost
3078.0,1065.0,928.0,high cost
590.0,1425.0,1897.0,low cost
2552.0,1296.0,1382.0,high cost
3355.0,642.0,1011.0,high cost
1968.0,1664.0,1929.0,high cost
3358.0,1498.0,1076.0,very high cost
1539.0,981.0,688.0,low cost
942.0,1236.0,1403.0,low cost
3669.0,1673.0,734.0,very high cost
3612.0,712.0,1234.0,very high cost
2351.0,569.0,1159.0,medium cost
604.0,603.0,1968.0,low cost
1285.0,1332.0,1165.0,medium cost
515.0,1413.0,1481.0,low cost
654.0,1064.0,1569.0,low cost
2540.0,1444.0,1554.0,very high cost
3869.0,1366.0,1876.0,very high cost
3412.0,906.0,1793.0,very high cost
509.0,1554.0,1367.0,low cost
2547.0,1187.0,1125.0,high cost
2735.0,1156.0,1913.0,high cost
1369.0,1918.0,1203.0,medium cost
2942.0,841.0,828.0,high cost
2812.0,730.0,1155.0,high cost
3497.0,878.0,618.0,high cost
619.0,1059.0,1545.0,low cost
3483.0,1578.0,670.0,very high cost
1475.0,1829.0,563.0,medium cost
1950.0,1132.0,1293.0,medium cost
3592.0,1652.0,1084.0,very high cost
3573.0,912.0,1723.0,very high cost
2020.0,1181.0,831.0,medium cost
1329.0,1497.0,1933.0,high cost
3568.0,1790.0,1980.0,very high cost
1947.0,1742.0,1469.0,high cost
1998.0,1549.0,1514.0,high cost
725.0,1372.0,937.0,low cost
3302.0,1112.0,1119.0,very high cost
3884.0,1005.0,1556.0,very high cost
1185.0,783.0,1263.0,low cost
1656.0,1698.0,1819.0,high cost
2870.0,899.0,1638.0,high cost
911.0,1062.0,1435.0,low cost
3892.0,989.0,1394.0,very high cost
3897.0,1983.0,1197.0,very high cost
656.0,1800.0,1108.0,low cost
606.0,1254.0,1956.0,medium cost
1653.0,868.0,1026.0,medium cost
860.0,1205.0,614.0,low cost
2197.0,1284.0,516.0,medium cost
3458.0,626.0,1334.0,high cost
2066.0,1763.0,806.0,medium cost
3676.0,694.0,1230.0,very high cost
1518.0,1265.0,687.0,medium cost
1018.0,816.0,558.0,low cost
1360.0,904.0,507.0,low cost
3449.0,979.0,1670.0,very high cost
2524.0,1531.0,765.0,high cost
703.0,934.0,1190.0,low cost
1251.0,1624.0,1744.0,medium cost
582.0,874.0,1248.0,low cost
1732.0,1027.0,714.0,medium cost
1252.0,1966.0,1973.0,high cost
2146.0,1048.0,1670.0,medium cost
1927.0,1496.0,506.0,medium cost
3328.0,959.0,736.0,high cost
2462.0,1349.0,1019.0,high cost
1172.0,1689.0,674.0,low cost
3598.0,1558.0,1409.0,very high cost
2437.0,582.0,1420.0,high cost
3271.0,1485.0,774.0,very high cost
1511.0,1991.0,1377.0,medium cost
2981.0,553.0,1517.0,high cost
3119.0,1231.0,1663.0,very high cost
3647.0,805.0,1538.0,very high cost
3148.0,764.0,511.0,high cost
2829.0,894.0,541.0,high cost
2373.0,1589.0,940.0,high cost
3998.0,1456.0,1666.0,very high cost
316.0,743.0,1659.0,low cost
999.0,1061.0,1330.0,low cost
1808.0,1428.0,983.0,medium cost
589.0,674.0,772.0,low cost
3317.0,832.0,1366.0,very high cost
670.0,1625.0,1219.0,low cost
584.0,907.0,507.0,low cost
2173.0,1631.0,1735.0,high cost
1561.0,1584.0,1291.0,medium cost
2073.0,1382.0,719.0,medium cost
1401.0,633.0,1915.0,medium cost
3764.0,1444.0,917.0,very high cost
1275.0,852.0,730.0,low cost
1464.0,922.0,1808.0,medium cost
2885.0,1745.0,1908.0,very high cost
3458.0,862.0,1977.0,very high cost
3019.0,1754.0,1452.0,very high cost
1083.0,1008.0,1972.0,medium cost
3538.0,1569.0,930.0,very high cost
2493.0,1596.0,1190.0,high cost
3726.0,1807.0,1968.0,very high cost
1531.0,1660.0,1165.0,medium cost
601.0,1861.0,1877.0,medium cost
2991.0,648.0,1997.0,high cost
3912.0,1379.0,671.0,very high cost
309.0,1910.0,1284.0,low cost
323.0,1807.0,974.0,low cost
1489.0,1923.0,1759.0,medium cost
1322.0,1345.0,1465.0,medium cost
1846.0,904.0,760.0,medium cost
417.0,1239.0,661.0,low cost
3269.0,1330.0,1304.0,very high cost
3731.0,516.0,698.0,high cost
667.0,672.0,1143.0,low cost
1241.0,892.0,1782.0,medium cost
3941.0,1778.0,1445.0,very high cost
1018.0,1130.0,1261.0,low cost
3142.0,1359.0,1902.0,very high cost
1444.0,1866.0,1782.0,medium cost
934.0,1597.0,1667.0,low cost
3863.0,1046.0,1040.0,very high cost
3506.0,1035.0,1960.0,very high cost
1944.0,1175.0,1394.0,medium cost
348.0,1261.0,1591.0,low cost
550.0,1068.0,1910.0,low cost
971.0,1713.0,890.0,low cost
3984.0,1688.0,864.0,very high cost
2973.0,1413.0,1994.0,very high cost
2019.0,559.0,823.0,medium cost
1587.0,1483.0,1552.0,medium cost
1870.0,860.0,1463.0,medium cost
1352.0,1090.0,1910.0,medium cost
570.0,686.0,1392.0,low cost
546.0,818.0,510.0,low cost
3624.0,1456.0,1427.0,very high cost
2944.0,774.0,1731.0,high cost
1209.0,1068.0,875.0,low cost
2752.0,1373.0,1348.0,very high cost
3868.0,1777.0,616.0,very high cost
3087.0,594.0,1263.0,high cost
947.0,1524.0,635.0,low cost
1484.0,511.0,622.0,low cost
347.0,1402.0,1767.0,low cost
3227.0,965.0,653.0,high cost
3299.0,1270.0,1716.0,very high cost
1028.0,919.0,570.0,low cost
714.0,1963.0,1813.0,medium cost
2641.0,1977.0,1356.0,very high cost
1229.0,1881.0,1553.0,medium cost
2622.0,683.0,1985.0,high cost
929.0,772.0,1471.0,low cost
1211.0,536.0,705.0,low cost
1653.0,1694.0,1208.0,high cost
511.0,1633.0,906.0,low cost
3034.0,1371.0,663.0,high cost
1414.0,551.0,1916.0,low cost
2438.0,1221.0,1976.0,very high cost
3744.0,1000.0,1761.0,very high cost
1377.0,1986.0,1520.0,medium cost
3520.0,1119.0,915.0,very high cost
3796.0,1699.0,1768.0,very high cost
1699.0,1099.0,1096.0,medium cost
336.0,1576.0,631.0,low cost
1095.0,950.0,843.0,low cost
325.0,1081.0,519.0,low cost
1223.0,606.0,1152.0,low cost
1649.0,502.0,1810.0,medium cost
1898.0,957.0,1682.0,medium cost
2609.0,1658.0,739.0,high cost
2265.0,1681.0,1005.0,high cost
2775.0,1983.0,676.0,high cost
1445.0,1753.0,1595.0,medium cost
2614.0,1632.0,1623.0,high cost
356.0,1949.0,1178.0,low cost
523.0,1696.0,772.0,low cost
3745.0,688.0,1964.0,very high cost
1229.0,1104.0,1413.0,low cost
1402.0,1122.0,1963.0,medium cost
2085.0,504.0,1795.0,medium cost
587.0,1154.0,1801.0,low cost
2457.0,1727.0,1992.0,very high cost
2030.0,1674.0,1649.0,high cost
816.0,1948.0,571.0,low cost
1667.0,1218.0,1746.0,medium cost
2958.0,531.0,1903.0,high cost
3705.0,1057.0,1055.0,very high cost
2800.0,576.0,893.0,high cost
3773.0,1960.0,877.0,very high cost
2050.0,673.0,1088.0,medium cost
1754.0,718.0,830.0,medium cost
1904.0,864.0,1805.0,medium cost
2705.0,547.0,541.0,medium cost
3537.0,623.0,1781.0,very high cost
1370.0,1793.0,722.0,medium cost
1222.0,1720.0,646.0,medium cost
3102.0,812.0,1309.0,high cost
2268.0,980.0,1758.0,high cost
2648.0,643.0,1079.0,medium cost
2173.0,1925.0,1087.0,high cost
3162.0,1408.0,982.0,very high cost
1368.0,1522.0,1191.0,medium cost
2746.0,587.0,1361.0,high cost
619.0,1959.0,1055.0,low cost
724.0,1872.0,1767.0,medium cost
912.0,1043.0,1626.0,low cost
2784.0,1809.0,1661.0,very high cost
793.0,1703.0,521.0,low cost
560.0,1095.0,1247.0,low cost
312.0,1414.0,1564.0,low cost
545.0,1659.0,1515.0,low cost
1591.0,1540.0,822.0,medium cost
2746.0,1342.0,1638.0,very high cost
893.0,1189.0,932.0,low cost
2514.0,518.0,710.0,medium cost
1032.0,1449.0,1883.0,medium cost
819.0,516.0,1401.0,low cost
3672.0,1569.0,1383.0,very high cost
3833.0,1312.0,1791.0,very high cost
1482.0,1893.0,1432.0,high cost
2043.0,1076.0,1300.0,medium cost
1229.0,530.0,1090.0,low cost
1816.0,1044.0,1262.0,medium cost
2166.0,1330.0,1637.0,high cost
2469.0,1836.0,1068.0,high cost
2575.0,1741.0,755.0,high cost
1375.0,1869.0,874.0,medium cost
1732.0,1331.0,1531.0,medium cost
673.0,1655.0,1348.0,low cost
2301.0,605.0,656.0,medium cost
2676.0,1245.0,1434.0,high cost
1781.0,1709.0,1292.0,high cost
2248.0,846.0,1983.0,high cost
921.0,1403.0,1623.0,low cost
391.0,688.0,869.0,low cost
1719.0,775.0,1555.0,medium cost
3262.0,1154.0,1827.0,very high cost
1947.0,1375.0,772.0,medium cost
2693.0,1827.0,1764.0,very high cost
441.0,1697.0,1046.0,low cost
1886.0,741.0,594.0,low cost
1267.0,1672.0,1896.0,medium cost
687.0,514.0,1320.0,low cost
2890.0,1375.0,1687.0,very high cost
1737.0,989.0,1069.0,medium cost
887.0,1510.0,1170.0,low cost
398.0,1266.0,1595.0,low cost
2389.0,1396.0,1347.0,high cost
3431.0,808.0,1324.0,very high cost
3601.0,1542.0,966.0,very high cost
2459.0,745.0,1538.0,medium cost
3230.0,1735.0,846.0,very high cost
3646.0,586.0,1389.0,very high cost
2200.0,1341.0,574.0,medium cost
3862.0,781.0,607.0,very high cost
3077.0,501.0,1636.0,high cost
621.0,1224.0,709.0,low cost
2372.0,1970.0,882.0,high cost
2574.0,618.0,1781.0,high cost
2857.0,1537.0,1305.0,very high cost
3143.0,1018.0,1433.0,very high cost
3197.0,1545.0,1352.0,very high cost
2727.0,1871.0,1966.0,very high cost
1519.0,1729.0,1178.0,medium cost
2438.0,680.0,1500.0,high cost
2674.0,1106.0,1212.0,high cost
2107.0,635.0,989.0,medium cost
2262.0,618.0,1602.0,high cost
815.0,1671.0,1263.0,low cost
2829.0,1562.0,728.0,high cost
3022.0,1975.0,1607.0,very high cost
2573.0,831.0,1490.0,high cost
2678.0,1524.0,550.0,high cost
1282.0,1528.0,1762.0,medium cost
568.0,1447.0,1455.0,low cost
2074.0,1344.0,556.0,medium cost
2227.0,564.0,1737.0,medium cost
1080.0,921.0,1229.0,low cost
2867.0,1413.0,1606.0,high cost
1075.0,831.0,1239.0,low cost
3063.0,802.0,734.0,high cost
2479.0,1923.0,1264.0,high cost
2394.0,1193.0,864.0,high cost
2814.0,904.0,1014.0,high cost
2094.0,1285.0,500.0,medium cost
2315.0,1635.0,1411.0,high cost
2519.0,1923.0,525.0,high cost
735.0,1851.0,1967.0,low cost
1891.0,727.0,1377.0,medium cost
1386.0,1396.0,1843.0,medium cost
3260.0,877.0,652.0,high cost
2022.0,696.0,797.0,medium cost
1716.0,1009.0,1043.0,medium cost
3317.0,1526.0,1418.0,very high cost
1454.0,987.0,565.0,low cost
2290.0,1414.0,887.0,medium cost
3940.0,1732.0,656.0,very high cost
461.0,1587.0,874.0,low cost
2219.0,1097.0,1352.0,high cost
470.0,504.0,1195.0,low cost
2495.0,1159.0,751.0,high cost
2944.0,1910.0,639.0,high cost
2361.0,865.0,1804.0,high cost
1783.0,1930.0,1920.0,high cost
2832.0,860.0,1581.0,high cost
931.0,1268.0,912.0,low cost
1344.0,999.0,745.0,low cost
3916.0,622.0,511.0,high cost
1882.0,1250.0,1011.0,medium cost
2865.0,763.0,1278.0,high cost
757.0,1100.0,1344.0,low cost
3469.0,815.0,1291.0,very high cost
2399.0,618.0,896.0,medium cost
3300.0,553.0,1892.0,very high cost
2719.0,673.0,1247.0,high cost
3012.0,563.0,684.0,high cost
2836.0,1590.0,1109.0,very high cost
2385.0,1031.0,1247.0,high cost
594.0,909.0,773.0,low cost
2968.0,1880.0,1019.0,very high cost
3762.0,1479.0,645.0,very high cost
892.0,1271.0,1788.0,medium cost
467.0,709.0,1422.0,low cost
345.0,1744.0,1558.0,low cost
3033.0,1314.0,1858.0,very high cost
2110.0,1136.0,1767.0,high cost
3105.0,1039.0,618.0,high cost
874.0,1300.0,1037.0,low cost
3681.0,732.0,1554.0,very high cost
3865.0,511.0,759.0,high cost
737.0,1092.0,571.0,low cost
3153.0,921.0,1469.0,very high cost
2800.0,1030.0,551.0,high cost
315.0,1130.0,1579.0,low cost
1412.0,1299.0,1838.0,medium cost
2286.0,1009.0,1841.0,high cost
2392.0,1735.0,876.0,high cost
1857.0,1129.0,1079.0,medium cost
1419.0,708.0,620.0,low cost
3305.0,894.0,747.0,high cost
959.0,530.0,1012.0,low cost
2635.0,1481.0,522.0,high cost
1754.0,1068.0,1499.0,medium cost
2563.0,1487.0,768.0,high cost
1936.0,1524.0,740.0,medium cost
1869.0,1093.0,807.0,medium cost
3637.0,1816.0,1089.0,very high cost
896.0,627.0,507.0,low cost
2349.0,989.0,804.0,medium cost
774.0,1895.0,1335.0,medium cost
3397.0,805.0,1544.0,high cost
485.0,713.0,1378.0,low cost
3964.0,864.0,1378.0,very high cost
1887.0,1177.0,1923.0,medium cost
2977.0,582.0,1702.0,high cost
2114.0,1898.0,739.0,high cost
1542.0,1158.0,1796.0,medium cost
3038.0,1451.0,1456.0,very high cost
2481.0,1820.0,1884.0,high cost
841.0,984.0,707.0,low cost
3565.0,580.0,898.0,high cost
1958.0,1263.0,1609.0,high cost
2454.0,1237.0,603.0,high cost
3392.0,514.0,1723.0,very high cost
262.0,1515.0,1593.0,low cost
530.0,721.0,1988.0,low cost
3703.0,603.0,1057.0,very high cost
2562.0,1426.0,1032.0,high cost
574.0,1820.0,1951.0,medium cost
2632.0,1215.0,1473.0,high cost
259.0,697.0,1477.0,low cost
688.0,717.0,1106.0,low cost
2554.0,1348.0,741.0,high cost
3859.0,1164.0,1656.0,very high cost
2977.0,578.0,1134.0,high cost
571.0,1971.0,922.0,low cost
402.0,1794.0,627.0,low cost
878.0,1558.0,1385.0,low cost
2130.0,1597.0,1145.0,high cost
3260.0,1240.0,1756.0,very high cost
454.0,1994.0,711.0,low cost
2638.0,1221.0,1899.0,high cost
2819.0,989.0,679.0,high cost
1464.0,1180.0,1252.0,medium cost
1824.0,718.0,1387.0,medium cost
876.0,1670.0,1886.0,medium cost
2706.0,534.0,1477.0,high cost
659.0,1566.0,1930.0,medium cost
455.0,1935.0,860.0,low cost
2378.0,504.0,1539.0,high cost
2278.0,913.0,1144.0,medium cost
3436.0,1317.0,613.0,very high cost
3424.0,917.0,909.0,very high cost
401.0,712.0,1743.0,low cost
681.0,1083.0,1469.0,low cost
3212.0,1039.0,544.0,high cost
3105.0,1747.0,873.0,very high cost
2036.0,1449.0,947.0,medium cost
3153.0,1872.0,1389.0,very high cost
1642.0,1796.0,798.0,medium cost
509.0,1097.0,519.0,low cost
3465.0,1562.0,1676.0,very high cost
3900.0,1433.0,1651.0,very high cost
1105.0,740.0,1147.0,low cost
2064.0,676.0,1011.0,medium cost
3117.0,503.0,1688.0,very high cost
1142.0,1020.0,1613.0,medium cost
1060.0,896.0,1469.0,medium cost
2381.0,1824.0,1738.0,high cost
3366.0,1512.0,1838.0,very high cost
1339.0,1053.0,1261.0,low cost
2560.0,1944.0,1362.0,very high cost
285.0,1174.0,1461.0,low cost
2476.0,627.0,819.0,medium cost
1862.0,1602.0,1062.0,medium cost
3488.0,1733.0,997.0,very high cost
3178.0,586.0,598.0,high cost
733.0,1528.0,564.0,low cost
756.0,875.0,1316.0,low cost
3622.0,1602.0,1746.0,very high cost
1277.0,1426.0,1694.0,medium cost
3703.0,1370.0,1783.0,very high cost
1905.0,609.0,1524.0,medium cost
2636.0,840.0,1728.0,high cost
2014.0,991.0,1678.0,high cost
3056.0,1724.0,828.0,very high cost
465.0,584.0,1622.0,low cost
3869.0,860.0,979.0,very high cost
1108.0,1541.0,1052.0,medium cost
1906.0,615.0,1958.0,medium cost
851.0,912.0,1310.0,low cost
3142.0,1278.0,1504.0,very high cost
1300.0,1365.0,970.0,low cost
1430.0,1702.0,1931.0,high cost
362.0,589.0,1858.0,low cost
2456.0,1347.0,1528.0,high cost
2360.0,1644.0,791.0,high cost
3700.0,956.0,1614.0,very high cost
2620.0,1089.0,1409.0,high cost
437.0,871.0,1437.0,low cost
3774.0,664.0,1472.0,very high cost
1218.0,1874.0,1418.0,medium cost
696.0,1928.0,1004.0,low cost
3407.0,888.0,1683.0,very high cost
3902.0,1077.0,1892.0,very high cost
2086.0,1023.0,1744.0,medium cost
1356.0,1426.0,1163.0,medium cost
1704.0,831.0,621.0,low cost
3571.0,1496.0,1383.0,very high cost
2132.0,1433.0,784.0,medium cost
3209.0,1095.0,1066.0,very high cost
2096.0,643.0,1400.0,medium cost
1273.0,1142.0,1766.0,medium cost
3623.0,730.0,846.0,high cost
368.0,1901.0,1662.0,low cost
854.0,1510.0,1520.0,medium cost
3646.0,1924.0,1923.0,very high cost
3130.0,1825.0,1773.0,very high cost
3784.0,1275.0,501.0,very high cost
3885.0,987.0,1274.0,very high cost
1494.0,1538.0,986.0,medium cost
2973.0,1965.0,676.0,very high cost
1471.0,808.0,974.0,low cost
2001.0,712.0,1309.0,medium cost
1486.0,1507.0,888.0,medium cost
1321.0,912.0,794.0,low cost
1877.0,769.0,1454.0,medium cost
3499.0,948.0,1654.0,very high cost
2124.0,507.0,1084.0,medium cost
1221.0,1384.0,1210.0,medium cost
2316.0,1766.0,1306.0,high cost
1068.0,1407.0,1206.0,medium cost
1930.0,614.0,603.0,medium cost
1316.0,1972.0,952.0,medium cost
1742.0,1039.0,1878.0,medium cost
3265.0,511.0,1285.0,high cost
2700.0,1811.0,568.0,high cost
2115.0,1159.0,1206.0,high cost
3915.0,1848.0,533.0,very high cost
3144.0,1988.0,696.0,very high cost
1571.0,1469.0,1850.0,high cost
2253.0,1423.0,640.0,medium cost
1433.0,1974.0,1496.0,medium cost
2583.0,835.0,1378.0,high cost
1817.0,1429.0,1552.0,medium cost
2915.0,947.0,887.0,high cost
3340.0,1446.0,1769.0,very high cost
2790.0,1332.0,855.0,high cost
577.0,1498.0,1167.0,low cost
3220.0,1576.0,1386.0,very high cost
3488.0,1398.0,1284.0,very high cost
1277.0,1885.0,1517.0,medium cost
3593.0,798.0,627.0,high cost
2736.0,1436.0,1836.0,very high cost
2311.0,1998.0,1356.0,high cost
1464.0,1321.0,941.0,medium cost
1355.0,1021.0,1793.0,medium cost
2382.0,1339.0,1269.0,high cost
1886.0,1210.0,1039.0,medium cost
832.0,1949.0,1182.0,medium cost
751.0,882.0,884.0,low cost
436.0,1549.0,1162.0,low cost
722.0,1991.0,613.0,low cost
1075.0,796.0,518.0,low cost
2802.0,1012.0,1195.0,high cost
1780.0,1318.0,1591.0,medium cost
1247.0,1708.0,1345.0,medium cost
3066.0,598.0,764.0,high cost
403.0,541.0,1226.0,low cost
2518.0,818.0,1552.0,high cost
1069.0,1414.0,1233.0,low cost
2651.0,601.0,1827.0,high cost
2974.0,561.0,865.0,high cost
657.0,1616.0,1133.0,low cost
3372.0,1263.0,644.0,very high cost
1464.0,1604.0,1156.0,medium cost
1326.0,539.0,967.0,low cost
3393.0,1071.0,1970.0,very high cost
323.0,826.0,530.0,low cost
1628.0,771.0,1781.0,medium cost
2610.0,1811.0,1553.0,very high cost
3721.0,1842.0,1227.0,very high cost
763.0,1420.0,1393.0,low cost
792.0,1763.0,1893.0,low cost
1568.0,1163.0,1076.0,medium cost
1276.0,1805.0,891.0,medium cost
3472.0,610.0,1273.0,very high cost
2520.0,1533.0,1393.0,high cost
3423.0,1924.0,686.0,very high cost
258.0,1801.0,1708.0,low cost
1868.0,1726.0,1804.0,high cost
2171.0,794.0,1376.0,medium cost
780.0,1686.0,1073.0,low cost
712.0,1444.0,1340.0,low cost
1012.0,1004.0,581.0,low cost
318.0,1242.0,1796.0,low cost
3948.0,539.0,1709.0,very high cost
629.0,717.0,1981.0,low cost
1161.0,1540.0,831.0,low cost
1403.0,672.0,1267.0,low cost
3707.0,1325.0,1915.0,very high cost
1305.0,950.0,1681.0,low cost
2926.0,948.0,1728.0,high cost
2674.0,1328.0,1156.0,high cost
471.0,1447.0,1062.0,low cost
1724.0,1973.0,507.0,medium cost
1220.0,1731.0,1039.0,medium cost
2754.0,1617.0,1079.0,high cost
594.0,1791.0,682.0,low cost
1005.0,851.0,1007.0,low cost
2439.0,856.0,1027.0,medium cost
2302.0,714.0,1527.0,medium cost
1083.0,951.0,935.0,low cost
2219.0,1303.0,1873.0,high cost
1571.0,1550.0,1619.0,high cost
2107.0,1759.0,1163.0,high cost
593.0,1448.0,1144.0,low cost
857.0,1987.0,1925.0,medium cost
3518.0,908.0,941.0,very high cost
1284.0,820.0,694.0,low cost
545.0,904.0,1496.0,low cost
3566.0,667.0,870.0,high cost
2821.0,1109.0,1103.0,high cost
3442.0,1333.0,1301.0,very high cost
1309.0,1352.0,1299.0,medium cost
1179.0,1600.0,1713.0,medium cost
1713.0,1454.0,910.0,medium cost
1663.0,1489.0,1759.0,medium cost
1812.0,1823.0,1250.0,high cost
1384.0,1581.0,850.0,medium cost
1348.0,1672.0,1435.0,medium cost
3957.0,1283.0,1923.0,very high cost
1212.0,630.0,1448.0,low cost
3925.0,659.0,1877.0,very high cost
348.0,1811.0,1132.0,low cost
1382.0,688.0,1957.0,medium cost
980.0,514.0,1492.0,low cost
838.0,1933.0,1473.0,low cost
378.0,915.0,1316.0,low cost
909.0,1006.0,991.0,low cost
3632.0,1134.0,903.0,very high cost
3396.0,599.0,646.0,high cost
1861.0,973.0,588.0,medium cost
348.0,1180.0,540.0,low cost
2528.0,1237.0,1004.0,high cost
2190.0,659.0,730.0,medium cost
663.0,1142.0,855.0,low cost
961.0,1002.0,512.0,low cost
1280.0,1392.0,1098.0,medium cost
2189.0,602.0,1717.0,high cost
531.0,1249.0,1193.0,low cost
2331.0,531.0,1657.0,medium cost
794.0,1450.0,1639.0,medium cost
2644.0,1342.0,620.0,high cost
1666.0,832.0,1431.0,medium cost
2157.0,867.0,724.0,medium cost
1196.0,1404.0,1880.0,medium cost
2072.0,840.0,1591.0,high cost
1590.0,1368.0,925.0,medium cost
2916.0,1927.0,1506.0,very high cost
3707.0,1714.0,627.0,very high cost
726.0,1201.0,1723.0,low cost
3577.0,1796.0,1363.0,very high cost
2627.0,1147.0,1134.0,high cost
685.0,776.0,1803.0,low cost
1693.0,510.0,1897.0,medium cost
2137.0,1045.0,1564.0,high cost
3696.0,1497.0,977.0,very high cost
3771.0,1425.0,1648.0,very high cost
1342.0,726.0,978.0,low cost
1379.0,1576.0,1551.0,medium cost
1164.0,714.0,1857.0,medium cost
908.0,1595.0,1988.0,medium cost
1019.0,541.0,1873.0,medium cost
3685.0,1617.0,676.0,very high cost
1470.0,1154.0,1240.0,medium cost
2299.0,1638.0,563.0,high cost
999.0,1150.0,800.0,low cost
3011.0,1254.0,1021.0,high cost
3142.0,1806.0,727.0,very high cost
1543.0,603.0,1284.0,medium cost
3692.0,1834.0,1987.0,very high cost
2753.0,520.0,519.0,medium cost
2156.0,565.0,703.0,medium cost
2637.0,1689.0,675.0,high cost
331.0,742.0,925.0,low cost
1214.0,1143.0,1724.0,medium cost
2248.0,761.0,1945.0,high cost
3073.0,959.0,1331.0,very high cost
422.0,772.0,1802.0,low cost
2293.0,1015.0,679.0,medium cost
3958.0,1824.0,1105.0,very high cost
432.0,1130.0,1327.0,low cost
1152.0,1183.0,1010.0,low cost
1303.0,574.0,1364.0,low cost
797.0,1472.0,892.0,low cost
298.0,1868.0,884.0,low cost
3847.0,1375.0,679.0,very high cost
2110.0,881.0,636.0,medium cost
1921.0,1742.0,1407.0,high cost
2423.0,1225.0,1567.0,high cost
1658.0,1970.0,1684.0,high cost
2361.0,1186.0,584.0,medium cost
1380.0,1762.0,790.0,medium cost
3892.0,1731.0,1988.0,very high cost
315.0,852.0,1349.0,low cost
2289.0,848.0,527.0,medium cost
2182.0,1575.0,818.0,high cost
2184.0,1554.0,1492.0,high cost
2872.0,1972.0,804.0,very high cost
2367.0,827.0,826.0,medium cost
1919.0,1063.0,849.0,medium cost
3296.0,1695.0,1742.0,very high cost
462.0,1343.0,1205.0,low cost
1591.0,834.0,1463.0,medium cost
1593.0,595.0,816.0,low cost
2456.0,1081.0,816.0,medium cost
2933.0,911.0,1692.0,very high cost
3154.0,844.0,1995.0,very high cost
3615.0,1335.0,559.0,very high cost
3563.0,1883.0,915.0,very high cost
1440.0,1128.0,1226.0,medium cost
1907.0,826.0,1183.0,medium cost
324.0,1650.0,881.0,low cost
1404.0,1162.0,866.0,medium cost
2738.0,1517.0,1645.0,high cost
2722.0,963.0,821.0,high cost
2294.0,1837.0,1539.0,very high cost
1424.0,1028.0,1923.0,medium cost
1133.0,1831.0,1790.0,medium cost
555.0,571.0,1536.0,low cost
3785.0,1770.0,1373.0,very high cost
3675.0,970.0,1786.0,very high cost
435.0,642.0,1775.0,low cost
3183.0,622.0,1964.0,high cost
3495.0,600.0,1032.0,high cost
1853.0,1412.0,660.0,medium cost
2648.0,733.0,1787.0,high cost
2647.0,1070.0,1614.0,high cost
702.0,875.0,853.0,low cost
1836.0,1994.0,1546.0,high cost
3894.0,823.0,1350.0,very high cost
2944.0,1908.0,1046.0,very high cost
3424.0,790.0,1437.0,very high cost
2678.0,1330.0,892.0,high cost
2424.0,1660.0,569.0,high cost
2671.0,1776.0,1803.0,very high cost
3078.0,1611.0,1011.0,high cost
2304.0,1410.0,1311.0,high cost
1146.0,1772.0,1405.0,medium cost
2335.0,1280.0,588.0,medium cost
1422.0,1712.0,663.0,medium cost
2096.0,1562.0,1776.0,high cost
1303.0,891.0,1435.0,low cost
1115.0,1957.0,1727.0,medium cost
456.0,1110.0,1262.0,low cost
3396.0,875.0,969.0,very high cost
2750.0,1211.0,963.0,high cost
941.0,769.0,1780.0,low cost
2278.0,671.0,1617.0,high cost
2273.0,1872.0,1088.0,high cost
2355.0,1076.0,1718.0,high cost
2328.0,1325.0,695.0,high cost
2638.0,911.0,763.0,medium cost
558.0,1273.0,1399.0,low cost
1345.0,1062.0,817.0,low cost
425.0,1317.0,542.0,low cost
2192.0,940.0,1090.0,medium cost
3397.0,729.0,1055.0,high cost
1208.0,1494.0,1003.0,medium cost
267.0,1546.0,1491.0,low cost
3518.0,1253.0,647.0,very high cost
3122.0,895.0,1575.0,high cost
1050.0,793.0,1196.0,low cost
3358.0,1628.0,1713.0,very high cost
2929.0,625.0,1771.0,high cost
624.0,1110.0,1950.0,low cost
1598.0,999.0,1970.0,medium cost
2052.0,1856.0,1155.0,high cost
1249.0,1715.0,1849.0,medium cost
412.0,1897.0,738.0,low cost
595.0,1202.0,1742.0,low cost
263.0,1171.0,755.0,low cost
2577.0,964.0,1234.0,high cost
639.0,1973.0,851.0,low cost
3206.0,1992.0,895.0,very high cost
1550.0,546.0,1658.0,medium cost
1646.0,1093.0,1420.0,medium cost
1930.0,1880.0,1983.0,high cost
3695.0,1765.0,1175.0,very high cost
3235.0,1640.0,1806.0,very high cost
2334.0,1830.0,1583.0,high cost
1998.0,826.0,1615.0,medium cost
2258.0,1864.0,1545.0,high cost
1869.0,586.0,1118.0,medium cost
1825.0,1206.0,1713.0,high cost
3946.0,832.0,1944.0,very high cost
436.0,848.0,1294.0,low cost
2678.0,1851.0,1175.0,high cost
3887.0,1166.0,638.0,very high cost
1813.0,1776.0,623.0,medium cost
817.0,1254.0,1372.0,low cost
3614.0,1494.0,1190.0,very high cost
2013.0,984.0,1931.0,medium cost
543.0,1179.0,1429.0,low cost
3400.0,513.0,710.0,high cost
2623.0,557.0,710.0,medium cost
2700.0,744.0,1963.0,high cost
1400.0,1129.0,1702.0,medium cost
3127.0,1148.0,688.0,high cost
2803.0,1793.0,1459.0,very high cost
2518.0,1310.0,970.0,high cost
3564.0,1604.0,1042.0,very high cost
2515.0,1676.0,1197.0,high cost
3654.0,1001.0,1836.0,very high cost
3930.0,1086.0,1976.0,very high cost
3476.0,1986.0,599.0,very high cost
3242.0,634.0,1853.0,very high cost
2666.0,502.0,1159.0,high cost
1695.0,1641.0,1994.0,high cost
3510.0,623.0,844.0,high cost
3438.0,962.0,1424.0,very high cost
2033.0,1057.0,891.0,medium cost
1017.0,1862.0,1046.0,medium cost
1686.0,555.0,1970.0,medium cost
862.0,1000.0,833.0,low cost
957.0,841.0,675.0,low cost
3494.0,865.0,1009.0,very high cost
3083.0,999.0,1641.0,high cost
1656.0,1232.0,761.0,medium cost
313.0,1194.0,509.0,low cost
3282.0,612.0,1487.0,very high cost
3629.0,1362.0,1042.0,very high cost
1687.0,1469.0,711.0,medium cost
1149.0,986.0,679.0,low cost
3899.0,1843.0,832.0,very high cost
1783.0,1561.0,1811.0,high cost
1629.0,1695.0,1208.0,medium cost
2528.0,667.0,1947.0,high cost
3256.0,1768.0,1814.0,very high cost
2341.0,1269.0,1036.0,high cost
2785.0,1109.0,833.0,high cost
3761.0,936.0,1677.0,very high cost
1513.0,1713.0,1963.0,medium cost
2240.0,1175.0,557.0,medium cost
820.0,1940.0,1809.0,medium cost
1875.0,855.0,1196.0,medium cost
920.0,771.0,1247.0,low cost
3615.0,645.0,584.0,high cost
1412.0,1307.0,1103.0,medium cost
361.0,1948.0,700.0,low cost
1540.0,1509.0,1684.0,medium cost
1077.0,626.0,1759.0,low cost
3610.0,1190.0,1646.0,very high cost
512.0,1727.0,1288.0,low cost
3024.0,1670.0,1330.0,very high cost
1610.0,1150.0,1947.0,medium cost
2201.0,1208.0,1028.0,medium cost
3338.0,1812.0,1550.0,very high cost
3473.0,770.0,1483.0,very high cost
2203.0,1559.0,681.0,medium cost
940.0,1902.0,877.0,medium cost
1155.0,1751.0,1952.0,medium cost
3872.0,1416.0,1578.0,very high cost
1882.0,1288.0,1503.0,high cost
1798.0,1003.0,1905.0,medium cost
2598.0,1715.0,1375.0,very high cost
1567.0,1967.0,1374.0,medium cost
1491.0,962.0,1916.0,medium cost
2003.0,1487.0,989.0,high cost
3905.0,1569.0,665.0,very high cost
291.0,1146.0,583.0,low cost
1693.0,1379.0,755.0,medium cost
1788.0,1504.0,1853.0,medium cost
3322.0,1945.0,1540.0,very high cost
1751.0,1630.0,1726.0,high cost
1641.0,1125.0,939.0,medium cost
2854.0,614.0,1040.0,high cost
3115.0,854.0,1148.0,high cost
3259.0,1470.0,1090.0,very high cost
1612.0,1826.0,1633.0,high cost
2319.0,807.0,829.0,medium cost
1258.0,1996.0,1083.0,medium cost
1543.0,1083.0,1164.0,medium cost
3991.0,1035.0,1171.0,very high cost
3555.0,1521.0,1630.0,very high cost
3411.0,1314.0,512.0,very high cost
524.0,535.0,1775.0,low cost
3541.0,673.0,1570.0,very high cost
1998.0,1219.0,1698.0,high cost
3437.0,1606.0,770.0,very high cost
1637.0,1603.0,1207.0,medium cost
3064.0,1958.0,1848.0,very high cost
2855.0,695.0,1829.0,high cost
1393.0,1441.0,954.0,medium cost
1633.0,1470.0,1988.0,high cost
2392.0,1890.0,1832.0,very high cost
3284.0,1152.0,1673.0,very high cost
464.0,1619.0,1180.0,low cost
1234.0,1002.0,1007.0,low cost
292.0,742.0,1288.0,low cost
2521.0,1306.0,1258.0,high cost
2658.0,1424.0,1199.0,high cost
587.0,942.0,1532.0,low cost
2190.0,1934.0,1127.0,high cost
879.0,1290.0,742.0,low cost
1743.0,930.0,1763.0,high cost
1181.0,1699.0,1099.0,medium cost
3330.0,1849.0,1986.0,very high cost
3564.0,1922.0,1882.0,very high cost
562.0,548.0,1657.0,low cost
1659.0,916.0,1393.0,medium cost
1816.0,1783.0,1566.0,high cost
1338.0,1083.0,503.0,low cost
2992.0,1698.0,508.0,high cost
315.0,1969.0,764.0,low cost
3249.0,869.0,533.0,high cost
3242.0,1337.0,1029.0,high cost
2725.0,637.0,1289.0,high cost
586.0,833.0,1290.0,low cost
2454.0,1248.0,1686.0,high cost
804.0,1174.0,1244.0,low cost
2460.0,1831.0,1113.0,high cost
1295.0,1002.0,1111.0,low cost
2625.0,1010.0,957.0,high cost
1999.0,1117.0,1035.0,medium cost
2698.0,990.0,1717.0,high cost
3742.0,1564.0,1115.0,very high cost
1193.0,1065.0,1722.0,medium cost
3511.0,1982.0,1873.0,very high cost
885.0,1607.0,1005.0,low cost
1044.0,1066.0,1504.0,low cost
2548.0,681.0,1702.0,high cost
2940.0,1163.0,818.0,high cost
3966.0,1285.0,1896.0,very high cost
3484.0,753.0,1316.0,very high cost
1246.0,1779.0,1717.0,medium cost
2757.0,987.0,736.0,high cost
2378.0,511.0,1264.0,medium cost
1794.0,1044.0,1263.0,medium cost
3933.0,1855.0,1161.0,very high cost
1637.0,946.0,891.0,low cost
783.0,657.0,1905.0,low cost
3094.0,1673.0,679.0,high cost
1774.0,731.0,1032.0,medium cost
256.0,926.0,793.0,low cost
1365.0,1261.0,1429.0,medium cost
2339.0,618.0,1586.0,high cost
2049.0,936.0,938.0,medium cost
3241.0,1485.0,1023.0,very high cost
867.0,1339.0,1441.0,low cost
2175.0,508.0,1195.0,medium cost
3497.0,1938.0,1935.0,very high cost
609.0,995.0,1889.0,low cost
3285.0,1086.0,1150.0,high cost
3684.0,1322.0,708.0,very high cost
3586.0,1864.0,1793.0,very high cost
2322.0,1944.0,712.0,high cost
354.0,581.0,565.0,low cost
3204.0,1020.0,1482.0,very high cost
1400.0,1936.0,1021.0,medium cost
2308.0,1329.0,682.0,medium cost
1082.0,808.0,529.0,low cost
3104.0,994.0,839.0,high cost
2847.0,1811.0,614.0,high cost
2256.0,765.0,1851.0,high cost
1113.0,993.0,1639.0,low cost
3210.0,1136.0,1030.0,very high cost
3990.0,719.0,1727.0,very high cost
984.0,733.0,1739.0,low cost
3117.0,1946.0,1849.0,very high cost
1622.0,1230.0,1963.0,high cost
2967.0,1577.0,1432.0,very high cost
1037.0,1514.0,538.0,low cost
2908.0,579.0,1517.0,high cost
1167.0,574.0,1334.0,low cost
2715.0,1072.0,877.0,high cost
1734.0,843.0,732.0,medium cost
2259.0,1492.0,1746.0,very high cost
2921.0,1807.0,1415.0,very high cost
1244.0,909.0,1643.0,low cost
3132.0,1876.0,1211.0,very high cost
2488.0,1436.0,1411.0,high cost
1052.0,1251.0,591.0,low cost
2927.0,636.0,742.0,high cost
2090.0,1354.0,918.0,medium cost
2131.0,930.0,1726.0,high cost
3362.0,1830.0,1882.0,very high cost
1053.0,1424.0,1663.0,medium cost
1799.0,583.0,1794.0,medium cost
3124.0,648.0,1817.0,very high cost
1672.0,1203.0,510.0,low cost
1552.0,1777.0,874.0,medium cost
1938.0,1299.0,908.0,medium cost
3202.0,1494.0,1177.0,very high cost
1302.0,527.0,1924.0,low cost
2296.0,793.0,1006.0,medium cost
575.0,873.0,1411.0,low cost
2359.0,722.0,1371.0,medium cost
3314.0,1250.0,1020.0,high cost
440.0,1358.0,1635.0,low cost
2002.0,1035.0,1709.0,medium cost
3167.0,1289.0,1854.0,very high cost
3480.0,1445.0,1393.0,very high cost
595.0,1702.0,1643.0,medium cost
2466.0,534.0,1220.0,high cost
1337.0,628.0,1534.0,medium cost
1462.0,713.0,1477.0,low cost
503.0,1207.0,681.0,low cost
2066.0,683.0,1135.0,medium cost
708.0,594.0,528.0,low cost
2029.0,537.0,1430.0,medium cost
308.0,1565.0,1364.0,low cost
552.0,1052.0,1839.0,low cost
2082.0,713.0,1760.0,medium cost
3314.0,1766.0,1227.0,very high cost
3996.0,584.0,1343.0,very high cost
1795.0,1541.0,1656.0,medium cost
594.0,837.0,1831.0,low cost
2473.0,935.0,1087.0,high cost
690.0,665.0,1804.0,low cost
3845.0,680.0,1418.0,very high cost
2004.0,877.0,1985.0,medium cost
2083.0,1493.0,1414.0,high cost
2661.0,1762.0,704.0,high cost
1903.0,842.0,730.0,medium cost
2466.0,925.0,1520.0,high cost
3779.0,1692.0,1904.0,very high cost
3904.0,1576.0,789.0,very high cost
265.0,1065.0,1948.0,low cost
1417.0,958.0,751.0,low cost
1769.0,623.0,1238.0,medium cost
2948.0,897.0,1852.0,high cost
2572.0,1110.0,1455.0,high cost
3267.0,616.0,513.0,high cost
1459.0,1680.0,1231.0,medium cost
1633.0,1715.0,1676.0,high cost
2052.0,983.0,1205.0,medium cost
1086.0,720.0,1234.0,low cost
2402.0,1660.0,1777.0,high cost
3376.0,1564.0,1962.0,very high cost
1507.0,592.0,970.0,low cost
641.0,969.0,909.0,low cost
3451.0,1356.0,951.0,very high cost
1607.0,504.0,1129.0,low cost
3521.0,1546.0,1317.0,very high cost
1241.0,689.0,722.0,low cost
881.0,1685.0,1429.0,low cost
2563.0,1792.0,1913.0,very high cost
3033.0,1786.0,865.0,very high cost
769.0,1944.0,1079.0,low cost
3454.0,1077.0,1079.0,very high cost
819.0,648.0,1811.0,low cost
435.0,1702.0,1351.0,low cost
586.0,1571.0,956.0,low cost
650.0,856.0,1931.0,low cost
3038.0,1786.0,912.0,very high cost
3736.0,914.0,840.0,very high cost
2948.0,1615.0,678.0,high cost
739.0,649.0,1551.0,low cost
686.0,1646.0,1608.0,low cost
841.0,1189.0,615.0,low cost
1183.0,1043.0,893.0,low cost
3943.0,1920.0,1152.0,very high cost
1037.0,1220.0,1249.0,low cost
2633.0,1748.0,1109.0,high cost
3911.0,907.0,896.0,very high cost
1958.0,1193.0,1904.0,high cost
3297.0,1766.0,1318.0,very high cost
3141.0,1278.0,1775.0,very high cost
3351.0,1234.0,725.0,high cost
2355.0,1961.0,1888.0,very high cost
1308.0,1745.0,1629.0,medium cost
991.0,1442.0,642.0,low cost
3248.0,1083.0,542.0,high cost
1519.0,868.0,1311.0,low cost
493.0,864.0,1436.0,low cost
1747.0,1142.0,769.0,medium cost
2517.0,608.0,1351.0,medium cost
1389.0,983.0,1176.0,medium cost
2522.0,1720.0,896.0,high cost
1885.0,1802.0,963.0,high cost
704.0,591.0,1726.0,low cost
953.0,1205.0,1870.0,low cost
3206.0,1369.0,1469.0,very high cost
928.0,713.0,1123.0,low cost
2177.0,1082.0,724.0,medium cost
2610.0,1719.0,520.0,high cost
489.0,1544.0,844.0,low cost
3839.0,1090.0,1670.0,very high cost
1861.0,1991.0,1037.0,medium cost
299.0,1367.0,642.0,low cost
340.0,1179.0,1451.0,low cost
3606.0,721.0,1255.0,very high cost
799.0,1549.0,990.0,low cost
2367.0,1349.0,623.0,medium cost
445.0,1799.0,1386.0,low cost
3927.0,1075.0,1769.0,very high cost
3756.0,684.0,1738.0,very high cost
770.0,1837.0,872.0,low cost
1641.0,1619.0,562.0,medium cost
2343.0,965.0,1275.0,high cost
2787.0,730.0,1677.0,high cost
2495.0,1361.0,1382.0,high cost
3208.0,1494.0,790.0,very high cost
1234.0,1027.0,534.0,low cost
1069.0,1807.0,1814.0,medium cost
3568.0,709.0,1531.0,very high cost
3585.0,689.0,823.0,very high cost
1974.0,955.0,1254.0,medium cost
2419.0,1872.0,1879.0,very high cost
340.0,1259.0,1989.0,low cost
2282.0,695.0,1211.0,medium cost
298.0,1969.0,756.0,low cost
968.0,759.0,1317.0,low cost
2391.0,936.0,1686.0,high cost
1534.0,1176.0,1455.0,medium cost
696.0,1802.0,590.0,low cost
2782.0,772.0,1805.0,high cost
755.0,1318.0,661.0,low cost
3746.0,591.0,1603.0,very high cost
2651.0,569.0,605.0,medium cost
1341.0,764.0,539.0,low cost
2651.0,1056.0,979.0,high cost
1824.0,1982.0,593.0,medium cost
1905.0,1830.0,1353.0,high cost
1456.0,1122.0,1163.0,medium cost
3155.0,1023.0,1985.0,very high cost
773.0,1283.0,980.0,low cost
1829.0,1602.0,1800.0,high cost
3883.0,732.0,1836.0,very high cost
1675.0,1854.0,718.0,medium cost
1601.0,718.0,997.0,medium cost
1958.0,897.0,994.0,medium cost
2376.0,1405.0,1036.0,high cost
1647.0,798.0,1951.0,medium cost
3548.0,1035.0,1912.0,very high cost
2694.0,1396.0,1177.0,high cost
2195.0,1749.0,775.0,high cost
2506.0,1588.0,822.0,high cost
2073.0,1600.0,1710.0,high cost
3767.0,1522.0,1696.0,very high cost
1150.0,1279.0,1633.0,medium cost
841.0,719.0,1141.0,low cost
1675.0,544.0,610.0,low cost
1301.0,1007.0,831.0,low cost
1817.0,590.0,509.0,low cost
2321.0,1788.0,1022.0,high cost
1974.0,748.0,709.0,medium cost
3433.0,757.0,819.0,high cost
1205.0,1561.0,874.0,medium cost
872.0,1327.0,1721.0,low cost
2052.0,797.0,1466.0,medium cost
3654.0,727.0,711.0,very high cost
1503.0,686.0,745.0,low cost
3104.0,1515.0,1247.0,very high cost
343.0,555.0,1010.0,low cost
3430.0,1589.0,1397.0,very high cost
2470.0,1976.0,1933.0,very high cost
1396.0,1884.0,1179.0,medium cost
2668.0,1063.0,582.0,high cost
1457.0,672.0,1127.0,low cost
2452.0,635.0,1299.0,high cost
1871.0,1906.0,629.0,medium cost
1112.0,1753.0,1983.0,medium cost
967.0,659.0,657.0,low cost
2498.0,1583.0,1673.0,high cost
387.0,1783.0,1979.0,medium cost
635.0,1667.0,1396.0,low cost
2711.0,640.0,1353.0,high cost
2023.0,1913.0,742.0,high cost
2215.0,538.0,537.0,medium cost
824.0,1191.0,807.0,low cost
3851.0,816.0,1651.0,very high cost
2156.0,915.0,986.0,medium cost
2885.0,1157.0,1798.0,very high cost
495.0,1201.0,558.0,low cost
2358.0,1379.0,885.0,high cost
1744.0,1483.0,651.0,medium cost
1832.0,1614.0,1219.0,medium cost
2016.0,930.0,1289.0,medium cost
1300.0,1454.0,1018.0,medium cost
2313.0,1784.0,1437.0,high cost
3248.0,1262.0,737.0,high cost
2216.0,797.0,1167.0,medium cost
3142.0,1829.0,1919.0,very high cost
1850.0,1139.0,999.0,medium cost
1424.0,618.0,724.0,low cost
1620.0,1547.0,957.0,medium cost
2592.0,586.0,854.0,medium cost
296.0,1617.0,1426.0,low cost
3579.0,1882.0,743.0,very high cost
1180.0,674.0,1809.0,low cost
3962.0,1467.0,1099.0,very high cost
3978.0,858.0,1416.0,very high cost
668.0,794.0,1890.0,low cost
2032.0,1965.0,1965.0,high cost
3057.0,1911.0,1632.0,very high cost
869.0,1512.0,670.0,low cost
3919.0,510.0,754.0,very high cost
