{"cep": "35400-000", "nome": "HECTOR ALVES", "email": "hector_alves@email.com", "id_cliente": 8, "id_vendedor": 1, "localizacao": "Minas Gerais"}
{"cep": "39100-000", "nome": "Quênia Soares", "email": "quênia_soares@email.com", "id_cliente": 17, "id_vendedor": 1, "localizacao": "Minas Gerais"}
{"cep": "36010011", "nome": "olívia&gomes", "email": "olívia_gomes@email.com", "id_cliente": 15, "id_vendedor": 1, "localizacao": "Minas Gerais"}
{"cep": "38400-012", "nome": "Vera Lúcia", "email": "vera_lúcia@email.com", "id_cliente": 27, "id_vendedor": 1, "localizacao": "Minas Gerais"}
{"cep": "80010020", "nome": "Karla Silva", "email": "karla_silva@email.com", "id_cliente": 11, "id_vendedor": 2, "localizacao": "Paraná"}
{"cep": "86010-150", "nome": "Gisele Nunes", "email": "gisele_nunes@email.com", "id_cliente": 7, "id_vendedor": 2, "localizacao": "Paraná"}
{"cep": "CEP 87013-060", "nome": "ana beatriz", "email": "ana_beatriz@email.com", "id_cliente": 1, "id_vendedor": 1, "localizacao": "Minas Gerais"}
{"cep": "84010-350", "nome": "Horácio Queiroz", "email": "horácio_queiroz@email.com", "id_cliente": 28, "id_vendedor": 2, "localizacao": "Paraná"}
{"cep": "85810-030", "nome": "Xênia Oliveira", "email": "xênia_oliveira@email.com", "id_cliente": 24, "id_vendedor": 2, "localizacao": "Paraná"}
{"cep": "85851-000", "nome": "Carla Dias", "email": "carla_dias@email.com", "id_cliente": 3, "id_vendedor": 2, "localizacao": "Paraná"}
{"cep": "CEP 83203000", "nome": "Eliane Rocha", "email": "eliane_rocha@email.com", "id_cliente": 5, "id_vendedor": 2, "localizacao": "Paraná"}
{"cep": "85010-000", "nome": "Tiago Pinto", "email": "tiago_pinto@email.com", "id_cliente": 20, "id_vendedor": 2, "localizacao": "Paraná"}
{"cep": "86800-010", "nome": "Lucas Peixoto", "email": "lucas_peixoto@email.com", "id_cliente": 12, "id_vendedor": 2, "localizacao": "Paraná"}
{"cep": "85900-220", "nome": "Gilda Ramos", "email": "gilda_ramos@email.com", "id_cliente": 29, "id_vendedor": 2, "localizacao": "Paraná"}
{"cep": "87501-030", "nome": "Yasmin Fonseca", "email": "yasmin_fonseca@email.com", "id_cliente": 25, "id_vendedor": 2, "localizacao": "Paraná"}
{"cep": "40010-000", "nome": "Isabela Moraes", "email": "isabela_moraes@email.com", "id_cliente": 9, "id_vendedor": 3, "localizacao": "Bahia"}
{"cep": "40100-000", "nome": "Zeca Andrade", "email": "zeca_andrade@email.com", "id_cliente": 26, "id_vendedor": 3, "localizacao": "Bahia"}
{"cep": "40230-001", "nome": "Fábio Lima", "email": "fábio_lima@email.com", "id_cliente": 6, "id_vendedor": 3, "localizacao": "Bahia"}
{"cep": "40301-110", "nome": "Diego Souza", "email": "diego_souza@email.com", "id_cliente": 4, "id_vendedor": 3, "localizacao": "Bahia"}
{"cep": "40450-000", "nome": "João Vitor", "email": "joão_vitor@email.com", "id_cliente": 10, "id_vendedor": 3, "localizacao": "Bahia"}
{"cep": "41100-000", "nome": "Paulo Ribeiro", "email": "paulo_ribeiro@email.com", "id_cliente": 16, "id_vendedor": 3, "localizacao": "Bahia"}
{"cep": "41301-110", "nome": "Sandra Faria", "email": "sandra_faria@email.com", "id_cliente": 19, "id_vendedor": 3, "localizacao": "Bahia"}
{"cep": "01001-000", "nome": "Úrsula Freitas", "email": "úrsula_freitas@email.com", "id_cliente": 21, "id_vendedor": 4, "localizacao": "São Paulo"}
{"cep": "01310-000", "nome": "Wagner Moura", "email": "wagner_moura@email.com", "id_cliente": 23, "id_vendedor": 4, "localizacao": "São Paulo"}
{"cep": "01530-010", "nome": "Rafael Santos", "email": "rafael_santos@email.com", "id_cliente": 18, "id_vendedor": 4, "localizacao": "São Paulo"}
{"cep": "20010-000", "nome": "Nelson Barros", "email": "nelson_barros@email.com", "id_cliente": 14, "id_vendedor": 4, "localizacao": "Rio de Janeiro"}
{"cep": "22010-000", "nome": "Vítor Bento", "email": "vítor_bento@email.com", "id_cliente": 22, "id_vendedor": 4, "localizacao": "Rio de Janeiro"}
{"cep": "22290-010", "nome": "Mariana Costa", "email": "mariana_costa@email.com", "id_cliente": 13, "id_vendedor": 4, "localizacao": "Rio de Janeiro"}
{"cep": "23020-090", "nome": "Ricardo Neves", "email": "ricardo_neves@email.com", "id_cliente": 30, "id_vendedor": 4, "localizacao": "Rio de Janeiro"}
{"cep": "85851-000", "nome": "Bruno Martins", "email": "bruno_martins@email.com", "id_cliente": 2, "id_vendedor": 2, "localizacao": "Paraná"}
