{"nome": "Óleo Essencial Lavanda", "preco": 18.3, "categoria": "Aromaterapia", "id_materia": 3, "id_produto": 3, "distribuicao": [0.4, 0.6], "materiasprimas": ["1", "2"]}
{"nome": "Sabonete Líquido Erva Doce", "preco": 17.5, "categoria": "Cuidados pessoais", "id_materia": 5, "id_produto": 5, "distribuicao": [0.2, 0.4, 0.4], "materiasprimas": ["9", "8", "5"]}
{"nome": "Desodorante Natural", "preco": 31.2, "categoria": "Cuidados pessoais", "id_materia": 10, "id_produto": 10, "distribuicao": [0.7, 0.3], "materiasprimas": ["3", "8"]}
{"nome": "Hidratante Corporal", "preco": 51.4, "categoria": "Cuidados com a pele", "id_materia": 1, "id_produto": 1, "distribuicao": [0.2, 0.2, 0.6], "materiasprimas": ["4", "8", "7"]}
{"nome": "Creme para as Mãos", "preco": 14.1, "categoria": "Cuidados com a pele", "id_materia": 7, "id_produto": 7, "distribuicao": [0.1, 0.7, 0.2], "materiasprimas": ["1", "2", "4"]}
{"nome": "Máscara Facial Detox", "preco": 12.3, "categoria": "Cuidados com a pele", "id_materia": 8, "id_produto": 8, "distribuicao": [0.2, 0.2, 0.6], "materiasprimas": ["10", "9", "1"]}
{"nome": "Óleo Corporal Semente de Uva", "preco": 21.5, "categoria": "Cuidados com a pele", "id_materia": 9, "id_produto": 9, "distribuicao": [0.6, 0.4], "materiasprimas": ["9", "10"]}
{"nome": "Loção Pós-Barba", "preco": 22.46, "categoria": "Cuidados masculinos", "id_materia": 6, "id_produto": 6, "distribuicao": [0.1, 0.2, 0.5, 0.2], "materiasprimas": ["6", "7", "3", "4"]}
{"nome": "Shampoo Nutritivo", "preco": 44.25, "categoria": "Cuidados com o cabelo", "id_materia": 2, "id_produto": 2, "distribuicao": [0.3, 0.4, 0.3], "materiasprimas": ["1", "8", "4"]}
{"nome": "Condicionador Revitalizante", "preco": 25.34, "categoria": "Cuidados com o cabelo", "id_materia": 4, "id_produto": 4, "distribuicao": [0.7, 0.3], "materiasprimas": ["7", "8"]}
